<?xml version="1.0" encoding="UTF-8"?>
<beans xmlns="http://www.springframework.org/schema/beans"
	xmlns:xsi="http://www.w3.org/2001/XMLSchema-instance"
	xmlns:context="http://www.springframework.org/schema/context"
	xmlns:mvc="http://www.springframework.org/schema/mvc"
	xmlns:tx="http://www.springframework.org/schema/tx"
	xsi:schemaLocation="http://www.springframework.org/schema/beans http://www.springframework.org/schema/beans/spring-beans.xsd
		http://www.springframework.org/schema/context http://www.springframework.org/schema/context/spring-context-4.2.xsd
		http://www.springframework.org/schema/mvc http://www.springframework.org/schema/mvc/spring-mvc-4.2.xsd
		http://www.springframework.org/schema/tx http://www.springframework.org/schema/tx/spring-tx-4.2.xsd">
	
	<mvc:annotation-driven></mvc:annotation-driven>
	<mvc:resources location="/resources/" mapping="/resources/**"></mvc:resources>
	
	<bean class="org.springframework.web.servlet.view.InternalResourceViewResolver">
		<property name="prefix" value="/WEB-INF/views/"></property>
		<property name="suffix" value=".jsp"></property>		
	</bean>
	
	<bean id="dataSource" class="org.apache.commons.dbcp.BasicDataSource"
			destroy-method="close">
		<property name="driverClassName" value="com.mysql.jdbc.Driver"></property>
		<property name="url" value="jdbc:mysql://localhost:3306/user_database"></property>
		<property name="username" value="root"></property>
		<property name="password" value="2940063"></property>
	</bean>
	
	<bean id="hibernate5AnnotatedSessionFactory" 
		class="org.springframework.orm.hibernate5.LocalSessionFactoryBean">
		<property name="dataSource" ref="dataSource"></property>
		<property name="annotatedClasses">
			<list>
				<value>com.application.spring.model.User</value>
			</list>
		</property>
		<property name="hibernateProperties">
			<props>
				<prop key="hibernate.dialect">org.hibernate.dialect.MySQLDialect</prop>
				<prop key="hibernate.show_sql">true</prop>
			</props>
		</property>
	</bean>
	
	<bean id="userDAO" class="com.application.spring.dao.UserDAOImplementation">
		<property name="sessionfactory" ref="hibernate5AnnotatedSessionFactory"></property>
	</bean>
	
	<bean id="userService" class="com.application.spring.service.UserServiceImplementation">
		<property name="userDAO" ref="userDAO"></property>
	</bean>
	
	<context:component-scan base-package="com.application.spring"></context:component-scan>
	
	<tx:annotation-driven transaction-manager="transactionManager"/>
	
	<bean id="transactionManager" class="org.springframework.orm.hibernate5.HibernateTransactionManager">
		<property name="sessionFactory" ref="hibernate5AnnotatedSessionFactory"></property>
	</bean>
</beans>
